id;name;image;type
1;Buckinghamshire withdrawal SAS;foreground generate;GASEUSE
2;Dinar approach sexy;Fresh;AUTRE
3;monitoring Ouzbékistan Frozen;Concrete XML firmware;ALCOLISEE
4;hack;Pizza d'Assas navigating;ALCOLISEE
5;Multi-layered killer;Corse bluetooth;AUTRE
6;engineer multi-byte;Producteur programming;AUTRE
7;Zadkine Îles;Centre SMS magenta;GASEUSE
8;Pizza Bike Keyboard;c;GASEUSE
9;multi-byte impactful Auto;Chicken Consultant Mille;GASEUSE
10;b calculating;panel optimal Superviseur;GASEUSE
